{"version": 2, "width": 159, "height": 9, "timestamp": 1772221817, "env": {"SHELL": "/bin/bash", "TERM": "xterm-256color"}}
[0.709818, "o", "\u001b[?2004h\u001b]0;sherzot@DESKTOP-G37L3RQ: /mnt/c/Users/Sherzot/Documents/frontend-project-44\u0007\u001b[01;32msherzot@DESKTOP-G37L3RQ\u001b[00m:\u001b[01;34m/mnt/c/Users/Sherzot/Documents/frontend-project-44\u001b[00m$ "]
[3.078968, "o", "b"]
[3.427459, "o", "r"]
[3.597178, "o", "a"]
[4.515887, "o", "i"]
[4.730519, "o", "n"]
[6.491408, "o", "-"]
[7.17329, "o", "c"]
[7.491419, "o", "a"]
[7.789761, "o", "l"]
[8.120494, "o", "c"]
[10.428111, "o", "\r\n\u001b[?2004l\r"]
[10.624708, "o", "Welcome to the Brain Games!\r\n"]
[10.628577, "o", "May I have your name? "]
[12.154422, "o", "h"]
[13.033193, "o", "\r\n"]
[13.034167, "o", "Hello, h!\r\nWhat is the result of the expression?\r\n"]
[13.034733, "o", "Question: 6 - 9\r\n"]
[13.035084, "o", "Your answer: "]
[16.943687, "o", "-"]
[17.54397, "o", "3"]
[18.297198, "o", "\r\n"]
[18.297964, "o", "Correct!\r\n"]
[18.298315, "o", "Question: 13 * 16\r\n"]
[18.298477, "o", "Your answer: "]
[23.519575, "o", "2"]
[24.324625, "o", "0"]
[24.598869, "o", "8"]
[25.938493, "o", "\r\n"]
[25.939126, "o", "Correct!\r\n"]
[25.939407, "o", "Question: 24 + 21\r\nYour answer: "]
[30.56992, "o", "4"]
[30.753898, "o", "5"]
[32.021774, "o", "\r\n"]
[32.022184, "o", "Correct!\r\n"]
[32.022375, "o", "Congratulations, h!\r\n"]
[32.057197, "o", "\u001b[?2004h\u001b]0;sherzot@DESKTOP-G37L3RQ: /mnt/c/Users/Sherzot/Documents/frontend-project-44\u0007\u001b[01;32msherzot@DESKTOP-G37L3RQ\u001b[00m:\u001b[01;34m/mnt/c/Users/Sherzot/Documents/frontend-project-44\u001b[00m$ "]
[34.18294, "o", "brain-calc"]
[35.110495, "o", "\r\n\u001b[?2004l\r"]
[35.320149, "o", "Welcome to the Brain Games!\r\n"]
[35.323396, "o", "May I have your name? "]
[36.840327, "o", "h"]
[37.232802, "o", "\r\n"]
[37.234163, "o", "Hello, h!\r\nWhat is the result of the expression?\r\n"]
[37.234879, "o", "Question: 16 - 4\r\n"]
[37.235182, "o", "Your answer: "]
[38.899731, "o", "6"]
[39.686029, "o", "\r\n"]
[39.68672, "o", "'6' is wrong answer ;(. Correct answer was '12'.\r\n"]
[39.687064, "o", "Let's try again, h!\r\n"]
[39.695476, "o", "\u001b[?2004h\u001b]0;sherzot@DESKTOP-G37L3RQ: /mnt/c/Users/Sherzot/Documents/frontend-project-44\u0007\u001b[01;32msherzot@DESKTOP-G37L3RQ\u001b[00m:\u001b[01;34m/mnt/c/Users/Sherzot/Documents/frontend-project-44\u001b[00m$ "]
[44.333211, "o", "\u001b[?2004l\r\r\nexit\r\n"]
